<?xml version='1.0' encoding='utf-8' standalone='yes' ?>
<map>
    <int name="num_notification_channels_created" value="3" />
    <int name="number_of_inactive_accounts" value="0" />
    <long name="pref_last_gpia_prepare_call_timestamp" value="1731045497358" />
    <boolean name="companion_reg_opt_in_enabled" value="true" />
    <boolean name="report_unhealthy_module" value="false" />
    <int name="number_of_process_starts" value="26" />
    <long name="decompression_failure_reported_timestamp" value="1731150934426" />
    <string name="external_storage_type">scoped</string>
    <int name="notification_channels_schema_version" value="2" />
    <string name="sticker_store_etag">c33067ad348fda2698e34636de62e7e5</string>
    <int name="sticker_store_backoff_attempt" value="0" />
    <int name="pref_gpia_prepare_call_count_in_last_interval" value="3" />
    <long name="last_exit_reason_sync_timestamp" value="1731162667316" />
    <string name="perf_device_id">08c96967-d5de-4739-8e5f-98cb93e3cebd</string>
    <int name="notification_channel_upgrade_version" value="1" />
    <long name="sticker_store_last_fetch_time" value="1731045472345" />
    <long name="next_randomized_daily_cron" value="1731255355548" />
    <long name="sticker_store_backoff_time" value="0" />
</map>
