<?xml version='1.0' encoding='utf-8' standalone='yes' ?>
<map>
    <long name="fire-count" value="1" />
    <string name="last-used-date">2024-11-09</string>
    <long name="fire-global" value="1731153215675" />
    <set name="device-model/blue device-name/blue_global fire-fcm/23.4.1 device-brand/Redmi kotlin/2.0.0 fire-core-ktx/20.4.2 fire-android/34 fire-core/20.4.2 android-installer/com.android.vending fire-installations/17.2.0 android-platform/ android-min-sdk/21 fire-transport/18.1.7 android-target-sdk/34">
        <string>2024-11-09</string>
    </set>
</map>
